HSBC,267037,Resolved,3,02-04-2018,UCMAPsync
HSBC,267046,Resolved,3,02-04-2018,UCMAPsync
HSBC,267048,Resolved,3,02-06-2018,genagara
HSBC,267061,Resolved,3,02-04-2018,siakbar
HSBC,267072,Resolved,3,02-04-2018,siakbar
HSBC,267076,Resolved,3,02-04-2018,siakbar
HSBC,267079,Resolved,3,02-06-2018,genagara
HSBC,267080,Resolved,3,02-06-2018,genagara
HSBC,267082,Resolved,3,02-04-2018,siakbar
HSBC,267085,Resolved,3,02-04-2018,siakbar
HSBC,267088,Resolved,3,02-04-2018,siakbar
HSBC,267090,Resolved,3,02-04-2018,siakbar
HSBC,267092,Resolved,3,02-04-2018,siakbar
HSBC,267091,Resolved,3,02-04-2018,siakbar
HSBC,267094,Resolved,3,02-04-2018,siakbar
HSBC,267093,Resolved,3,02-04-2018,siakbar
HSBC,267095,Resolved,3,02-04-2018,siakbar
HSBC,267096,Resolved,3,02-04-2018,siakbar
HSBC,267104,Resolved,3,02-04-2018,siakbar
HSBC,267107,Resolved,3,02-04-2018,siakbar
HSBC,267114,Resolved,3,02-04-2018,siakbar
HSBC,267119,Resolved,3,02-06-2018,genagara
HSBC,267120,Resolved,3,02-06-2018,genagara
HSBC,267126,Working,3,02-08-2018,genagara
HSBC,267127,Resolved,3,02-06-2018,genagara
HSBC,267131,Resolved,3,02-06-2018,genagara
HSBC,267133,Resolved,3,02-06-2018,genagara
HSBC,267134,Resolved,3,02-06-2018,genagara
HSBC,267145,Resolved,3,02-06-2018,genagara
HSBC,267149,Resolved,3,02-06-2018,genagara
HSBC,267148,Resolved,3,02-06-2018,genagara
HSBC,267152,Resolved,3,02-06-2018,genagara
HSBC,267153,Resolved,3,02-06-2018,genagara
HSBC,267157,Resolved,3,02-06-2018,genagara
HSBC,267166,Resolved,3,02-04-2018,UCMAPsync
HSBC,267165,Resolved,3,02-04-2018,UCMAPsync
HSBC,267170,Resolved,3,02-04-2018,UCMAPsync
HSBC,267173,Resolved,3,02-04-2018,UCMAPsync
HSBC,267197,Resolved,3,02-04-2018,UCMAPsync
HSBC,267196,Resolved,3,02-04-2018,UCMAPsync
HSBC,267205,Resolved,3,02-04-2018,UCMAPsync
HSBC,267217,Resolved,3,02-04-2018,UCMAPsync
HSBC,267218,Resolved,3,02-04-2018,UCMAPsync
HSBC,267219,Resolved,3,02-04-2018,UCMAPsync
HSBC,267221,Resolved,3,02-04-2018,mastylia
HSBC,267222,Resolved,3,02-04-2018,mastylia
HSBC,267223,Resolved,3,02-04-2018,UCMAPsync
HSBC,267224,Resolved,3,02-04-2018,mastylia
HSBC,267229,Resolved,3,02-04-2018,mastylia
HSBC,267231,Resolved,3,02-04-2018,mastylia
HSBC,267233,Resolved,3,02-04-2018,UCMAPsync
HSBC,267237,Resolved,3,02-04-2018,UCMAPsync
HSBC,267238,Resolved,3,02-06-2018,genagara
HSBC,267239,Resolved,3,02-04-2018,UCMAPsync
HSBC,267244,Resolved,3,02-04-2018,UCMAPsync
HSBC,267246,Resolved,3,02-04-2018,UCMAPsync
HSBC,267249,Resolved,3,02-04-2018,UCMAPsync
HSBC,267251,Resolved,3,02-04-2018,UCMAPsync
HSBC,267255,Resolved,3,02-05-2018,mastylia
HSBC,267261,Resolved,3,02-04-2018,UCMAPsync
HSBC,267266,Resolved,3,02-04-2018,UCMAPsync
HSBC,267279,Resolved,3,02-05-2018,mastylia
HSBC,267286,Resolved,3,02-04-2018,serana
HSBC,267287,Resolved,3,02-04-2018,serana
HSBC,267289,Resolved,3,02-05-2018,lakshjai
HSBC,267290,Resolved,3,02-05-2018,lakshjai
HSBC,267292,Resolved,3,02-04-2018,serana
HSBC,267300,Resolved,3,02-04-2018,serana
HSBC,267303,Resolved,3,02-04-2018,serana
HSBC,267304,Resolved,3,02-04-2018,serana
HSBC,267305,Resolved,3,02-04-2018,serana
HSBC,267306,Resolved,3,02-04-2018,serana
HSBC,267310,Resolved,3,02-07-2018,serana
HSBC,267311,Resolved,3,02-04-2018,serana
HSBC,267325,Resolved,3,02-04-2018,serana
HSBC,267329,Resolved,3,02-04-2018,serana
HSBC,267331,Resolved,3,02-04-2018,serana
HSBC,267362,Resolved,3,02-04-2018,serana
HSBC,267363,Resolved,3,02-04-2018,serana
HSBC,267364,Resolved,3,02-04-2018,serana
HSBC,267368,Resolved,3,02-04-2018,serana
HSBC,267370,Resolved,3,02-05-2018,shrearor
HSBC,267376,Resolved,3,02-05-2018,abvp
HSBC,267377,Working,3,02-08-2018,shrearor
HSBC,267378,Resolved,3,02-06-2018,abvp
HSBC,267379,Resolved,3,02-05-2018,shrearor
HSBC,267381,Resolved,3,02-05-2018,UCMAPsync
HSBC,267384,Resolved,3,02-05-2018,UCMAPsync
HSBC,267386,Resolved,3,02-06-2018,abvp
HSBC,267389,Resolved,3,02-06-2018,abvp
HSBC,267390,Resolved,3,02-05-2018,shrearor
HSBC,267400,Resolved,3,02-05-2018,UCMAPsync
HSBC,267402,Resolved,3,02-05-2018,UCMAPsync
HSBC,267407,Resolved,3,02-05-2018,UCMAPsync
HSBC,267413,Resolved,3,02-06-2018,genagara
HSBC,267415,Resolved,3,02-06-2018,abvp
HSBC,267418,Resolved,3,02-05-2018,shrearor
HSBC,267427,Resolved,3,02-05-2018,UCMAPsync
HSBC,267428,Resolved,3,02-05-2018,UCMAPsync
HSBC,267431,Resolved,3,02-06-2018,genagara
HSBC,267432,Resolved,3,02-05-2018,schemath
HSBC,267433,Resolved,3,02-05-2018,rkarnani
HSBC,267434,Resolved,3,02-05-2018,rkarnani
HSBC,267435,Resolved,3,02-05-2018,sfarisk
HSBC,267436,Resolved,3,02-05-2018,sfarisk
HSBC,267439,Resolved,3,02-05-2018,siakbar
HSBC,267441,Resolved,3,02-05-2018,UCMAPsync
HSBC,267442,Resolved,3,02-05-2018,UCMAPsync
HSBC,267443,Resolved,3,02-05-2018,UCMAPsync
HSBC,267445,Resolved,3,02-05-2018,UCMAPsync
HSBC,267446,Resolved,3,02-05-2018,UCMAPsync
HSBC,267493,Resolved,3,02-05-2018,UCMAPsync
HSBC,267494,Resolved,3,02-05-2018,UCMAPsync
HSBC,267495,Resolved,3,02-05-2018,UCMAPsync
HSBC,267505,Resolved,3,02-05-2018,rkarnani
HSBC,267506,Resolved,3,02-05-2018,UCMAPsync
HSBC,267507,Resolved,3,02-05-2018,rkarnani
HSBC,267508,Resolved,3,02-05-2018,UCMAPsync
HSBC,267511,Resolved,3,02-05-2018,UCMAPsync
HSBC,267519,Resolved,3,02-05-2018,UCMAPsync
HSBC,267522,Resolved,3,02-05-2018,schemath
HSBC,267525,Resolved,3,02-05-2018,UCMAPsync
HSBC,267526,Resolved,3,02-05-2018,UCMAPsync
HSBC,267535,Resolved,3,02-06-2018,sfarisk
HSBC,267538,Resolved,3,02-06-2018,genagara
HSBC,267537,Resolved,3,02-06-2018,genagara
HSBC,267550,Working,3,02-08-2018,sfarisk
HSBC,267552,Resolved,3,02-05-2018,schemath
HSBC,267555,Resolved,3,02-08-2018,siakbar
HSBC,267556,Resolved,3,02-07-2018,siakbar
HSBC,267557,Resolved,3,02-06-2018,genagara
HSBC,267558,Resolved,3,02-06-2018,genagara
HSBC,267559,Resolved,3,02-06-2018,genagara
HSBC,267567,Resolved,3,02-05-2018,siakbar
HSBC,267568,Resolved,3,02-05-2018,UCMAPsync
HSBC,267574,Resolved,3,02-05-2018,UCMAPsync
HSBC,267576,Resolved,3,02-06-2018,genagara
HSBC,267580,Resolved,3,02-05-2018,gkotapal
HSBC,267583,Resolved,3,02-05-2018,niveas
HSBC,267592,Resolved,3,02-05-2018,bholovko
HSBC,267593,Resolved,3,02-05-2018,ykapeliu
HSBC,267594,Resolved,3,02-05-2018,ykapeliu
HSBC,267600,Resolved,3,02-05-2018,ykapeliu
HSBC,267601,Resolved,3,02-06-2018,mohmohan
HSBC,267602,Resolved,3,02-05-2018,madziedz
HSBC,267603,Resolved,3,02-05-2018,kshtepa
HSBC,267605,Resolved,3,02-05-2018,rajuppal
HSBC,267606,Resolved,3,02-08-2018,gshravya
HSBC,267607,Resolved,3,02-05-2018,asyczews
HSBC,267609,Resolved,3,02-05-2018,niveas
HSBC,267610,Resolved,3,02-05-2018,gkotapal
HSBC,267615,Working,3,02-08-2018,mohmohan
HSBC,267621,Resolved,3,02-05-2018,madziedz
HSBC,267622,Resolved,3,02-05-2018,madziedz
HSBC,267623,Resolved,3,02-05-2018,bholovko
HSBC,267624,Resolved,3,02-05-2018,bholovko
HSBC,267628,Resolved,3,02-05-2018,mastylia
HSBC,267630,Working,3,02-06-2018,gshravya
HSBC,267631,Resolved,3,02-06-2018,kshtepa
HSBC,267632,Resolved,3,02-05-2018,ykapeliu
HSBC,267633,Resolved,3,02-05-2018,rajuppal
HSBC,267639,Resolved,3,02-05-2018,mastylia
HSBC,267646,Resolved,3,02-05-2018,gkotapal
HSBC,267654,Resolved,3,02-05-2018,asyczews
HSBC,267656,Resolved,3,02-05-2018,niveas
HSBC,267665,Resolved,3,02-05-2018,gkotapal
HSBC,267666,Resolved,3,02-05-2018,mastylia
HSBC,267670,Resolved,3,02-06-2018,bholovko
HSBC,267671,Working,3,02-08-2018,gshravya
HSBC,267674,Resolved,3,02-08-2018,asyczews
HSBC,267682,Resolved,3,02-05-2018,mastylia
HSBC,267685,Resolved,3,02-08-2018,gshravya
HSBC,267691,Resolved,3,02-05-2018,mohmohan
HSBC,267692,Resolved,3,02-05-2018,madziedz
HSBC,267708,Resolved,3,02-06-2018,rajuppal
HSBC,267710,Resolved,3,02-05-2018,rahulsah
HSBC,267734,Resolved,3,02-05-2018,kric
HSBC,267742,Resolved,3,02-05-2018,kric
HSBC,267743,Resolved,3,02-05-2018,kric
HSBC,267751,Resolved,3,02-05-2018,kric
HSBC,267764,Resolved,3,02-05-2018,kric
HSBC,267766,Resolved,3,02-05-2018,kric
HSBC,267768,Resolved,3,02-05-2018,kric
HSBC,267770,Resolved,3,02-05-2018,kric
HSBC,267778,Resolved,3,02-05-2018,kric
HSBC,267781,Resolved,3,02-05-2018,kric
HSBC,267782,Resolved,3,02-05-2018,kric
HSBC,267791,Resolved,3,02-05-2018,kric
HSBC,267790,Resolved,3,02-05-2018,kric
HSBC,267793,Resolved,3,02-05-2018,kric
HSBC,267794,Resolved,3,02-05-2018,kric
HSBC,267797,Resolved,3,02-05-2018,kric
HSBC,267799,Resolved,3,02-05-2018,kric
HSBC,267812,Resolved,3,02-05-2018,kric
HSBC,267813,Resolved,3,02-05-2018,kric
HSBC,267818,Resolved,3,02-05-2018,kric
HSBC,267821,Resolved,3,02-05-2018,kric
HSBC,267828,Resolved,3,02-05-2018,kric
HSBC,267829,Resolved,3,02-05-2018,kric
HSBC,267837,Resolved,3,02-05-2018,shrearor
HSBC,267836,Resolved,3,02-05-2018,shrearor
HSBC,267838,Resolved,3,02-06-2018,abvp
HSBC,267847,Resolved,3,02-06-2018,krisjosh
HSBC,267848,Resolved,3,02-06-2018,krisjosh
HSBC,267858,Resolved,3,02-06-2018,abvp
HSBC,267859,Resolved,3,02-06-2018,abvp
HSBC,267867,Resolved,3,02-08-2018,shrearor
HSBC,267871,Resolved,3,02-06-2018,abvp
HSBC,267879,Resolved,3,02-06-2018,abvp
HSBC,267881,Resolved,3,02-06-2018,abvp
HSBC,267882,Resolved,3,02-06-2018,krisjosh
HSBC,267884,Resolved,3,02-06-2018,krisjosh
HSBC,267908,Resolved,3,02-06-2018,UCMAPsync
HSBC,267914,Resolved,3,02-06-2018,UCMAPsync
HSBC,267915,Resolved,3,02-06-2018,UCMAPsync
HSBC,267916,Resolved,3,02-06-2018,UCMAPsync
HSBC,267917,Resolved,3,02-06-2018,UCMAPsync
HSBC,267928,Resolved,3,02-06-2018,UCMAPsync
HSBC,267927,Resolved,3,02-06-2018,UCMAPsync
HSBC,267933,Resolved,3,02-06-2018,abvp
HSBC,267946,Resolved,3,02-06-2018,abvp
HSBC,267947,Resolved,3,02-06-2018,UCMAPsync
HSBC,267949,Resolved,3,02-06-2018,sathravi
HSBC,267951,Resolved,3,02-06-2018,harsbhat
HSBC,267958,Resolved,3,02-06-2018,sfarisk
HSBC,267957,Resolved,3,02-06-2018,amasarda
HSBC,267961,Resolved,3,02-06-2018,rkarnani
HSBC,267975,Resolved,3,02-06-2018,genagara
HSBC,267977,Resolved,3,02-06-2018,sathravi
HSBC,267987,Resolved,3,02-06-2018,schemath
HSBC,267990,Resolved,3,02-06-2018,harsbhat
HSBC,267991,Resolved,3,02-06-2018,sfarisk
HSBC,267993,Resolved,3,02-08-2018,amasarda
HSBC,267994,Resolved,3,02-06-2018,rkarnani
HSBC,268007,Resolved,3,02-06-2018,genagara
HSBC,268012,Resolved,3,02-07-2018,sfarisk
HSBC,268014,Resolved,3,02-06-2018,sathravi
HSBC,268015,Resolved,3,02-06-2018,schemath
HSBC,268016,Resolved,3,02-06-2018,harsbhat
HSBC,268019,Resolved,3,02-06-2018,amasarda
HSBC,268021,Resolved,3,02-06-2018,genagara
HSBC,268020,Resolved,3,02-06-2018,schemath
HSBC,268022,Resolved,3,02-06-2018,sathravi
HSBC,268025,Resolved,3,02-07-2018,sfarisk
HSBC,268027,Resolved,3,02-06-2018,amasarda
HSBC,268028,Resolved,3,02-06-2018,harsbhat
HSBC,268031,Resolved,3,02-06-2018,genagara
HSBC,268038,Resolved,3,02-06-2018,schemath
HSBC,268040,Resolved,3,02-06-2018,siakbar
HSBC,268041,Resolved,3,02-06-2018,siakbar
HSBC,268047,Resolved,3,02-08-2018,sathravi
HSBC,268057,Resolved,3,02-06-2018,harsbhat
HSBC,268060,Resolved,3,02-06-2018,amasarda
HSBC,268064,Resolved,3,02-07-2018,sfarisk
HSBC,268075,Resolved,3,02-06-2018,asyczews
HSBC,268076,Working,3,02-08-2018,jharmata
HSBC,268077,Resolved,3,02-06-2018,mohmohan
HSBC,268079,Resolved,3,02-07-2018,rahulsah
HSBC,268078,Resolved,3,02-07-2018,rahulsah
HSBC,268083,Resolved,3,02-06-2018,rajuppal
HSBC,268084,Resolved,3,02-06-2018,gkotapal
HSBC,268082,Resolved,3,02-06-2018,niveas
HSBC,268087,Resolved,3,02-06-2018,ykapeliu
HSBC,268090,Resolved,3,02-06-2018,madziedz
HSBC,268091,Resolved,3,02-06-2018,ykapeliu
HSBC,268095,Resolved,3,02-06-2018,niveas
HSBC,268096,Resolved,3,02-06-2018,gkotapal
HSBC,268106,Resolved,3,02-06-2018,niveas
HSBC,268107,Resolved,3,02-06-2018,rajuppal
HSBC,268121,Resolved,3,02-06-2018,bholovko
HSBC,268140,Resolved,3,02-06-2018,gkotapal
HSBC,268183,Resolved,3,02-06-2018,madziedz
HSBC,268187,Resolved,3,02-06-2018,ykapeliu
HSBC,268195,Resolved,3,02-07-2018,rahulsah
HSBC,268199,Resolved,3,02-06-2018,niveas
HSBC,268201,Resolved,3,02-06-2018,gkotapal
HSBC,268202,Resolved,3,02-06-2018,bholovko
HSBC,268205,Resolved,3,02-07-2018,kshtepa
HSBC,268211,Resolved,3,02-06-2018,asyczews
HSBC,268217,Resolved,3,02-07-2018,gkotapal
HSBC,268218,Resolved,3,02-06-2018,niveas
HSBC,268224,Resolved,3,02-06-2018,madziedz
HSBC,268225,Resolved,3,02-06-2018,asyczews
HSBC,268227,Resolved,3,02-06-2018,bholovko
HSBC,268230,Resolved,3,02-07-2018,kshtepa
HSBC,268233,Resolved,3,02-06-2018,mastylia
HSBC,268234,Resolved,3,02-07-2018,rahulsah
HSBC,268235,Resolved,3,02-06-2018,niveas
HSBC,268238,Resolved,3,02-06-2018,asyczews
HSBC,268240,Resolved,3,02-06-2018,madziedz
HSBC,268246,Resolved,3,02-06-2018,kshtepa
HSBC,268252,Resolved,3,02-07-2018,rahulsah
HSBC,268261,Resolved,3,02-08-2018,asyczews
HSBC,268268,Resolved,3,02-07-2018,rahulsah
HSBC,268269,Resolved,3,02-06-2018,mastylia
HSBC,268270,Resolved,3,02-06-2018,ykapeliu
HSBC,268277,Resolved,3,02-07-2018,rahulsah
HSBC,268279,Resolved,3,02-06-2018,mohmohan
HSBC,268280,Resolved,3,02-06-2018,mastylia
HSBC,268291,Resolved,3,02-06-2018,shreyrao
HSBC,268294,Resolved,3,02-06-2018,shreyrao
HSBC,268295,Resolved,3,02-06-2018,shreyrao
HSBC,268297,Resolved,3,02-06-2018,shreyrao
HSBC,268299,Resolved,3,02-06-2018,shreyrao
HSBC,268302,Resolved,3,02-06-2018,shreyrao
HSBC,268309,Resolved,3,02-06-2018,shreyrao
HSBC,268312,Resolved,3,02-06-2018,shreyrao
HSBC,268313,Resolved,3,02-06-2018,shreyrao
HSBC,268315,Resolved,3,02-06-2018,shreyrao
HSBC,268317,Resolved,3,02-06-2018,shreyrao
HSBC,268336,Resolved,3,02-06-2018,shreyrao
HSBC,268342,Resolved,3,02-06-2018,shreyrao
HSBC,268343,Resolved,3,02-06-2018,shreyrao
HSBC,268344,Resolved,3,02-06-2018,shreyrao
HSBC,268346,Working,3,02-08-2018,shreyrao
HSBC,268348,Working,3,02-07-2018,shreyrao
HSBC,268349,Resolved,3,02-06-2018,shreyrao
HSBC,268350,Resolved,3,02-06-2018,shreyrao
HSBC,268351,Resolved,3,02-06-2018,shreyrao
HSBC,268353,Resolved,3,02-06-2018,shreyrao
HSBC,268358,Resolved,3,02-06-2018,shreyrao
HSBC,268369,Resolved,3,02-06-2018,shreyrao
HSBC,268381,Resolved,3,02-06-2018,shreyrao
HSBC,268384,Resolved,3,02-06-2018,shreyrao
HSBC,268391,Resolved,3,02-06-2018,shreyrao
HSBC,268393,Resolved,3,02-06-2018,shreyrao
HSBC,268396,Resolved,3,02-06-2018,shreyrao
HSBC,268403,Resolved,3,02-06-2018,shreyrao
HSBC,268402,Resolved,3,02-06-2018,shreyrao
HSBC,268410,Resolved,3,02-06-2018,UCMAPsync
HSBC,268412,Working,3,02-07-2018,rxmeyer
HSBC,268411,Resolved,3,02-06-2018,UCMAPsync
HSBC,268417,Resolved,3,02-06-2018,UCMAPsync
HSBC,268419,Resolved,3,02-06-2018,UCMAPsync
HSBC,268420,Resolved,3,02-06-2018,UCMAPsync
HSBC,268421,Resolved,3,02-06-2018,UCMAPsync
HSBC,268422,Resolved,3,02-06-2018,UCMAPsync
HSBC,268423,Resolved,3,02-07-2018,krisjosh
HSBC,268426,Resolved,3,02-07-2018,serana
HSBC,268425,Resolved,3,02-07-2018,serana
HSBC,268428,Resolved,3,02-07-2018,shrearor
HSBC,268427,Resolved,3,02-07-2018,shrearor
HSBC,268429,Resolved,3,02-06-2018,UCMAPsync
HSBC,268430,Resolved,3,02-07-2018,svenkatt
HSBC,268437,Resolved,3,02-06-2018,UCMAPsync
HSBC,268438,Resolved,3,02-06-2018,UCMAPsync
HSBC,268439,Resolved,3,02-07-2018,abvp
HSBC,268440,Resolved,3,02-06-2018,UCMAPsync
HSBC,268441,Resolved,3,02-06-2018,UCMAPsync
HSBC,268442,Resolved,3,02-06-2018,krisjosh
HSBC,268444,Resolved,3,02-06-2018,UCMAPsync
HSBC,268448,Resolved,3,02-06-2018,UCMAPsync
HSBC,268469,Resolved,3,02-07-2018,UCMAPsync
HSBC,268472,Resolved,3,02-07-2018,UCMAPsync
HSBC,268477,Resolved,3,02-07-2018,abvp
HSBC,268479,Resolved,3,02-07-2018,krisjosh
HSBC,268480,Resolved,3,02-07-2018,krisjosh
HSBC,268485,Resolved,3,02-07-2018,serana
HSBC,268486,Resolved,3,02-07-2018,UCMAPsync
HSBC,268504,Resolved,3,02-07-2018,UCMAPsync
HSBC,268506,Resolved,3,02-07-2018,shrearor
HSBC,268507,Resolved,3,02-07-2018,shrearor
HSBC,268509,Resolved,3,02-07-2018,UCMAPsync
HSBC,268510,Resolved,3,02-07-2018,UCMAPsync
HSBC,268511,Resolved,3,02-07-2018,UCMAPsync
HSBC,268512,Resolved,3,02-07-2018,UCMAPsync
HSBC,268516,Resolved,3,02-07-2018,UCMAPsync
HSBC,268517,Resolved,3,02-07-2018,UCMAPsync
HSBC,268521,Resolved,3,02-08-2018,svenkatt
HSBC,268522,Resolved,3,02-07-2018,UCMAPsync
HSBC,268526,Resolved,3,02-09-2018,krisjosh
HSBC,268525,Resolved,3,02-08-2018,abvp
HSBC,268533,Resolved,3,02-07-2018,amasarda
HSBC,268541,Resolved,3,02-07-2018,siakbar
HSBC,268544,Resolved,3,02-07-2018,sfarisk
HSBC,268543,Resolved,3,02-07-2018,amasarda
HSBC,268548,Open,3,02-07-2018,sathravi
HSBC,268556,Working,3,02-09-2018,genagara
HSBC,268567,Resolved,3,02-07-2018,rkarnani
HSBC,268568,Resolved,3,02-07-2018,amasarda
HSBC,268571,Resolved,3,02-07-2018,siakbar
HSBC,268573,Resolved,3,02-07-2018,sfarisk
HSBC,268574,Resolved,3,02-08-2018,sathravi
HSBC,268576,Working,3,02-08-2018,genagara
HSBC,268575,Resolved,3,02-07-2018,rkarnani
HSBC,268579,Resolved,3,02-07-2018,amasarda
HSBC,268580,Resolved,3,02-07-2018,siakbar
HSBC,268581,Resolved,3,02-07-2018,siakbar
HSBC,268582,Resolved,3,02-07-2018,sfarisk
HSBC,268583,Resolved,3,02-07-2018,sathravi
HSBC,268584,Working,3,02-08-2018,genagara
HSBC,268585,Resolved,3,02-07-2018,rkarnani
HSBC,268586,Resolved,3,02-07-2018,amasarda
HSBC,268592,Resolved,3,02-07-2018,siakbar
HSBC,268593,Resolved,3,02-07-2018,sfarisk
HSBC,268595,Open,3,02-07-2018,sathravi
HSBC,268603,Working,3,02-08-2018,genagara
HSBC,268604,Resolved,3,02-07-2018,rkarnani
HSBC,268606,Resolved,3,02-07-2018,sfarisk
HSBC,268607,Resolved,3,02-08-2018,sathravi
HSBC,268615,Resolved,3,02-07-2018,amasarda
HSBC,268617,Resolved,3,02-07-2018,rkarnani
HSBC,268618,Working,3,02-07-2018,genagara
HSBC,268623,Resolved,3,02-08-2018,amasarda
HSBC,268626,Resolved,3,02-07-2018,siakbar
HSBC,268629,Resolved,3,02-08-2018,sathravi
HSBC,268636,Working,3,02-07-2018,genagara
HSBC,268635,Working,3,02-07-2018,genagara
HSBC,268638,Working,3,02-07-2018,genagara
HSBC,268639,Working,3,02-07-2018,genagara
HSBC,268637,Working,3,02-07-2018,genagara
HSBC,268643,Resolved,3,02-07-2018,rkarnani
HSBC,268654,Resolved,3,02-07-2018,schemath
HSBC,268655,Resolved,3,02-07-2018,siakbar
HSBC,268657,Resolved,3,02-08-2018,sathravi
HSBC,268660,Resolved,3,02-08-2018,sathravi
HSBC,268665,Resolved,3,02-07-2018,UCMAPsync
HSBC,268666,Resolved,3,02-07-2018,siakbar
HSBC,268667,Resolved,3,02-07-2018,siakbar
HSBC,268668,Resolved,3,02-07-2018,UCMAPsync
HSBC,268669,Resolved,3,02-07-2018,UCMAPsync
HSBC,268676,Working,3,02-08-2018,genagara
HSBC,268679,Resolved,3,02-07-2018,UCMAPsync
HSBC,268680,Resolved,3,02-07-2018,UCMAPsync
HSBC,268686,Resolved,3,02-07-2018,UCMAPsync
HSBC,268689,Resolved,3,02-07-2018,UCMAPsync
HSBC,268690,Resolved,3,02-07-2018,UCMAPsync
HSBC,268691,Resolved,3,02-07-2018,rkarnani
HSBC,268692,Resolved,3,02-07-2018,schemath
HSBC,268697,Resolved,3,02-07-2018,UCMAPsync
HSBC,268703,Resolved,3,02-07-2018,mohmohan
HSBC,268706,Working,3,02-07-2018,gkotapal
HSBC,268707,Working,3,02-07-2018,gkotapal
HSBC,268710,Resolved,3,02-07-2018,kshtepa
HSBC,268709,Resolved,3,02-07-2018,kshtepa
HSBC,268715,Working,3,02-09-2018,gshravya
HSBC,268719,Resolved,3,02-07-2018,asyczews
HSBC,268732,Resolved,3,02-07-2018,kshtepa
HSBC,268740,Resolved,3,02-07-2018,rahulsah
HSBC,268741,Resolved,3,02-07-2018,kshtepa
HSBC,268756,Working,3,02-08-2018,jharmata
HSBC,268758,Resolved,3,02-07-2018,rahulsah
HSBC,268759,Resolved,3,02-07-2018,rajuppal
HSBC,268765,Working,3,02-07-2018,gkotapal
HSBC,268766,Resolved,3,02-07-2018,asyczews
HSBC,268768,Resolved,3,02-07-2018,kshtepa
HSBC,268772,Resolved,3,02-08-2018,bholovko
HSBC,268773,Resolved,3,02-08-2018,gshravya
HSBC,268774,Working,3,02-08-2018,bholovko
HSBC,268775,Resolved,3,02-07-2018,mohmohan
HSBC,268781,Resolved,3,02-07-2018,kshtepa
HSBC,268784,Working,3,02-08-2018,gshravya
HSBC,268789,Resolved,3,02-08-2018,bholovko
HSBC,268797,Resolved,3,02-07-2018,madziedz
HSBC,268798,Resolved,3,02-07-2018,mohmohan
HSBC,268837,Resolved,3,02-08-2018,gshravya
HSBC,268836,Working,3,02-07-2018,bholovko
HSBC,268838,Resolved,3,02-07-2018,asyczews
HSBC,268839,Working,3,02-09-2018,gshravya
HSBC,268840,Resolved,3,02-07-2018,kshtepa
HSBC,268841,Working,3,02-07-2018,ykapeliu
HSBC,268898,Resolved,3,02-07-2018,madziedz
HSBC,268900,Resolved,3,02-08-2018,niveas
HSBC,268907,Working,3,02-08-2018,bholovko
HSBC,268913,Resolved,3,02-07-2018,rajuppal
HSBC,268920,Resolved,3,02-07-2018,UCMAPsync
HSBC,268926,Resolved,3,02-07-2018,UCMAPsync
HSBC,268934,Resolved,3,02-07-2018,UCMAPsync
HSBC,268937,Resolved,3,02-07-2018,UCMAPsync
HSBC,268939,Resolved,3,02-07-2018,UCMAPsync
HSBC,268945,Resolved,3,02-07-2018,UCMAPsync
HSBC,268948,Resolved,3,02-07-2018,UCMAPsync
HSBC,268947,Resolved,3,02-07-2018,UCMAPsync
HSBC,268949,Resolved,3,02-07-2018,UCMAPsync
HSBC,268950,Resolved,3,02-07-2018,UCMAPsync
HSBC,268951,Resolved,3,02-08-2018,rxmeyer
HSBC,268952,Resolved,3,02-08-2018,rxmeyer
HSBC,268954,Resolved,3,02-07-2018,UCMAPsync
HSBC,268961,Resolved,3,02-07-2018,UCMAPsync
HSBC,268965,Working,3,02-07-2018,rxmeyer
HSBC,268966,Working,3,02-07-2018,rxmeyer
HSBC,268969,Resolved,3,02-07-2018,UCMAPsync
HSBC,268970,Resolved,3,02-07-2018,UCMAPsync
HSBC,268979,Resolved,3,02-07-2018,UCMAPsync
HSBC,268980,Resolved,3,02-07-2018,UCMAPsync
HSBC,269025,Resolved,3,02-07-2018,UCMAPsync
HSBC,269024,Resolved,3,02-07-2018,UCMAPsync
HSBC,269063,Resolved,3,02-07-2018,UCMAPsync
HSBC,269075,Working,3,02-08-2018,rxmeyer
HSBC,269092,Resolved,3,02-07-2018,UCMAPsync
HSBC,269093,Resolved,3,02-07-2018,UCMAPsync
HSBC,269170,Resolved,3,02-07-2018,UCMAPsync
HSBC,269173,Working,3,02-08-2018,rxmeyer
HSBC,269179,Resolved,3,02-07-2018,UCMAPsync
HSBC,269197,Resolved,3,02-07-2018,UCMAPsync
HSBC,269198,Resolved,3,02-07-2018,UCMAPsync
HSBC,269215,Resolved,3,02-07-2018,UCMAPsync
HSBC,269214,Resolved,3,02-07-2018,UCMAPsync
HSBC,269225,Resolved,3,02-07-2018,UCMAPsync
HSBC,269226,Working,3,02-09-2018,rxmeyer
HSBC,269227,Working,3,02-09-2018,rxmeyer
HSBC,269228,Resolved,3,02-07-2018,UCMAPsync
HSBC,269238,Resolved,3,02-07-2018,UCMAPsync
HSBC,269244,Resolved,3,02-07-2018,UCMAPsync
HSBC,269245,Resolved,3,02-07-2018,UCMAPsync
HSBC,269247,Resolved,3,02-07-2018,UCMAPsync
HSBC,269248,Resolved,3,02-07-2018,UCMAPsync
HSBC,269250,Resolved,3,02-07-2018,UCMAPsync
HSBC,269252,Working,3,02-07-2018,rxmeyer
HSBC,269254,Resolved,3,02-07-2018,rxmeyer
HSBC,269255,Open,3,02-07-2018,rxmeyer
HSBC,269310,Resolved,3,02-07-2018,UCMAPsync
HSBC,269314,Resolved,3,02-07-2018,UCMAPsync
HSBC,269317,Resolved,3,02-08-2018,shrearor
HSBC,269321,Resolved,3,02-07-2018,UCMAPsync
HSBC,269323,Resolved,3,02-08-2018,shrearor
HSBC,269324,Resolved,3,02-08-2018,shrearor
HSBC,269326,Resolved,3,02-07-2018,UCMAPsync
HSBC,269327,Resolved,3,02-08-2018,svenkatt
HSBC,269328,Resolved,3,02-08-2018,abvp
HSBC,269329,Resolved,3,02-08-2018,abvp
HSBC,269332,Resolved,3,02-08-2018,abvp
HSBC,269333,Resolved,3,02-08-2018,abvp
HSBC,269336,Resolved,3,02-08-2018,svenkatt
HSBC,269337,Resolved,3,02-08-2018,svenkatt
HSBC,269338,Resolved,3,02-08-2018,krisjosh
HSBC,269340,Resolved,3,02-08-2018,krisjosh
HSBC,269346,Resolved,3,02-08-2018,krisjosh
HSBC,269357,Resolved,3,02-08-2018,abvp
HSBC,269360,Resolved,3,02-08-2018,abvp
HSBC,269358,Resolved,3,02-08-2018,svenkatt
HSBC,269359,Resolved,3,02-08-2018,svenkatt
HSBC,269366,Resolved,3,02-08-2018,svenkatt
HSBC,269365,Resolved,3,02-08-2018,serana
HSBC,269367,Resolved,3,02-08-2018,serana
HSBC,269373,Resolved,3,02-08-2018,serana
HSBC,269374,Resolved,3,02-08-2018,serana
HSBC,269394,Resolved,3,02-08-2018,krisjosh
HSBC,269404,Resolved,3,02-08-2018,krisjosh
HSBC,269411,Resolved,3,02-08-2018,shrearor
HSBC,269412,Resolved,3,02-08-2018,shrearor
HSBC,269414,Resolved,3,02-08-2018,shrearor
HSBC,269419,Resolved,3,02-08-2018,serana
HSBC,269420,Resolved,3,02-08-2018,serana
HSBC,269421,Resolved,3,02-08-2018,serana
HSBC,269422,Resolved,3,02-08-2018,serana
HSBC,269423,Resolved,3,02-08-2018,shrearor
HSBC,269425,Resolved,3,02-08-2018,shrearor
HSBC,269456,Resolved,3,02-08-2018,schemath
HSBC,269457,Resolved,3,02-08-2018,amasarda
HSBC,269463,Resolved,3,02-08-2018,sfarisk
HSBC,269464,Resolved,3,02-08-2018,sathravi
HSBC,269465,Resolved,3,02-08-2018,schemath
HSBC,269472,Resolved,3,02-08-2018,siakbar
HSBC,269480,Resolved,3,02-08-2018,sathravi
HSBC,269481,Open,3,02-08-2018,sys_user
HSBC,269483,Working,3,02-08-2018,genagara
HSBC,269484,Resolved,3,02-08-2018,sfarisk
HSBC,269485,Resolved,3,02-08-2018,amasarda
HSBC,269489,Resolved,3,02-08-2018,siakbar
HSBC,269491,Working,3,02-08-2018,genagara
HSBC,269494,Resolved,3,02-08-2018,sfarisk
HSBC,269495,Resolved,3,02-08-2018,siakbar
HSBC,269497,Resolved,3,02-08-2018,sathravi
HSBC,269498,Working,3,02-08-2018,genagara
HSBC,269500,Resolved,3,02-08-2018,amasarda
HSBC,269501,Resolved,3,02-08-2018,schemath
HSBC,269502,Resolved,3,02-08-2018,schemath
HSBC,269503,Resolved,3,02-08-2018,amasarda
HSBC,269505,Resolved,3,02-08-2018,schemath
HSBC,269508,Resolved,3,02-08-2018,sfarisk
HSBC,269510,Resolved,3,02-08-2018,siakbar
HSBC,269512,Resolved,3,02-08-2018,UCMAPsync
HSBC,269519,Resolved,3,02-08-2018,harsbhat
HSBC,269522,Resolved,3,02-08-2018,schemath
HSBC,269528,Working,3,02-08-2018,siakbar
HSBC,269542,Resolved,3,02-08-2018,harsbhat
HSBC,269545,Resolved,3,02-08-2018,sathravi
HSBC,269546,Working,3,02-08-2018,genagara
HSBC,269547,Resolved,3,02-08-2018,sathravi
HSBC,269548,Resolved,3,02-08-2018,siakbar
HSBC,269549,Resolved,3,02-08-2018,amasarda
HSBC,269553,Resolved,3,02-08-2018,schemath
HSBC,269556,Resolved,3,02-08-2018,harsbhat
HSBC,269557,Working,3,02-08-2018,genagara
HSBC,269563,Resolved,3,02-08-2018,harsbhat
HSBC,269564,Resolved,3,02-08-2018,UCMAPsync
HSBC,269566,Resolved,3,02-08-2018,UCMAPsync
HSBC,269567,Resolved,3,02-08-2018,UCMAPsync
HSBC,269568,Resolved,3,02-08-2018,UCMAPsync
HSBC,269570,Resolved,3,02-08-2018,UCMAPsync
HSBC,269571,Resolved,3,02-08-2018,UCMAPsync
HSBC,269573,Resolved,3,02-08-2018,UCMAPsync
HSBC,269587,Resolved,3,02-08-2018,schemath
HSBC,269588,Resolved,3,02-08-2018,bholovko
HSBC,269589,Working,3,02-09-2018,sathravi
HSBC,269590,Open,3,02-08-2018,genagara
HSBC,269591,Resolved,3,02-08-2018,schemath
HSBC,269596,Working,3,02-08-2018,harsbhat
HSBC,269604,Working,3,02-08-2018,rahulsah
HSBC,269603,Resolved,3,02-08-2018,asyczews
HSBC,269612,Resolved,3,02-08-2018,ykapeliu
HSBC,269613,Working,3,02-08-2018,niveas
HSBC,269615,Open,3,02-08-2018,bholovko
HSBC,269617,Resolved,3,02-08-2018,ykapeliu
HSBC,269616,Resolved,3,02-08-2018,ykapeliu
HSBC,269621,Resolved,3,02-08-2018,rajuppal
HSBC,269630,Open,1,02-08-2018,abvp
HSBC,269636,Resolved,3,02-08-2018,kshtepa
HSBC,269635,Resolved,3,02-08-2018,kshtepa
HSBC,269706,Resolved,3,02-08-2018,asyczews
HSBC,269710,Working,3,02-08-2018,mohmohan
HSBC,269713,Resolved,3,02-08-2018,kshtepa
HSBC,269715,Working,3,02-08-2018,bholovko
HSBC,269716,Working,3,02-08-2018,niveas
HSBC,269723,Open,3,02-08-2018,mohmohan
HSBC,269725,Resolved,3,02-08-2018,rajuppal
HSBC,269726,Resolved,3,02-08-2018,mohmohan
HSBC,269727,Resolved,3,02-08-2018,mohmohan
HSBC,269735,Resolved,3,02-08-2018,kshtepa
HSBC,269736,Resolved,3,02-08-2018,kshtepa
HSBC,269738,Open,3,02-08-2018,niveas
HSBC,269737,Working,3,02-08-2018,niveas
HSBC,269741,Working,3,02-08-2018,gshravya
HSBC,269745,Resolved,3,02-08-2018,asyczews
HSBC,269747,Working,3,02-08-2018,madziedz
HSBC,269749,Resolved,3,02-08-2018,lakshjai
HSBC,269748,Working,3,02-08-2018,madziedz
HSBC,269750,Resolved,3,02-08-2018,lakshjai
HSBC,269754,Resolved,3,02-08-2018,ykapeliu
HSBC,269758,Resolved,3,02-08-2018,rajuppal
HSBC,269761,Working,3,02-08-2018,gshravya
HSBC,269762,Resolved,3,02-08-2018,asyczews
HSBC,269763,Working,3,02-08-2018,rahulsah
HSBC,269764,Resolved,3,02-08-2018,madziedz
HSBC,269773,Working,3,02-08-2018,kshtepa
HSBC,269780,Working,3,02-08-2018,rahulsah
HSBC,269779,Resolved,3,02-08-2018,asyczews
HSBC,269788,Resolved,3,02-08-2018,UCMAPsync
HSBC,269792,Resolved,3,02-08-2018,UCMAPsync
HSBC,269794,Resolved,3,02-08-2018,UCMAPsync
HSBC,269803,Resolved,3,02-08-2018,UCMAPsync
HSBC,269802,Resolved,3,02-08-2018,UCMAPsync
HSBC,269806,Resolved,3,02-08-2018,UCMAPsync
HSBC,269807,Resolved,3,02-08-2018,UCMAPsync
HSBC,269825,Resolved,3,02-08-2018,UCMAPsync
HSBC,269826,Resolved,3,02-08-2018,UCMAPsync
HSBC,269829,Resolved,3,02-08-2018,UCMAPsync
HSBC,269827,Resolved,3,02-08-2018,UCMAPsync
HSBC,269828,Resolved,3,02-08-2018,UCMAPsync
HSBC,269841,Resolved,3,02-08-2018,UCMAPsync
HSBC,269842,Resolved,3,02-08-2018,UCMAPsync
HSBC,269844,Resolved,3,02-08-2018,UCMAPsync
HSBC,269845,Resolved,3,02-08-2018,UCMAPsync
HSBC,269847,Resolved,3,02-08-2018,UCMAPsync
HSBC,269848,Resolved,3,02-08-2018,UCMAPsync
HSBC,269852,Resolved,3,02-08-2018,UCMAPsync
HSBC,269853,Resolved,3,02-08-2018,UCMAPsync
HSBC,269854,Resolved,3,02-08-2018,UCMAPsync
HSBC,269886,Resolved,3,02-08-2018,UCMAPsync
HSBC,269885,Resolved,3,02-08-2018,UCMAPsync
HSBC,269904,Resolved,3,02-08-2018,UCMAPsync
HSBC,269906,Resolved,3,02-08-2018,UCMAPsync
HSBC,269913,Resolved,3,02-08-2018,UCMAPsync
HSBC,269915,Resolved,3,02-08-2018,UCMAPsync
HSBC,269919,Resolved,3,02-08-2018,UCMAPsync
HSBC,269922,Resolved,3,02-08-2018,UCMAPsync
HSBC,269923,Resolved,3,02-08-2018,UCMAPsync
HSBC,269921,Resolved,3,02-08-2018,UCMAPsync
HSBC,269927,Resolved,3,02-08-2018,UCMAPsync
HSBC,269928,Resolved,3,02-08-2018,UCMAPsync
HSBC,269929,Resolved,3,02-08-2018,UCMAPsync
HSBC,269947,Resolved,3,02-08-2018,UCMAPsync
HSBC,269948,Resolved,3,02-08-2018,UCMAPsync
HSBC,269950,Resolved,3,02-08-2018,UCMAPsync
HSBC,269956,Resolved,3,02-08-2018,UCMAPsync
HSBC,269984,Resolved,3,02-08-2018,UCMAPsync
HSBC,269989,Resolved,3,02-08-2018,UCMAPsync
HSBC,269991,Resolved,3,02-08-2018,UCMAPsync
HSBC,269992,Resolved,3,02-08-2018,UCMAPsync
HSBC,269996,Resolved,3,02-08-2018,UCMAPsync
HSBC,269997,Resolved,3,02-08-2018,UCMAPsync
HSBC,269998,Resolved,3,02-08-2018,krisjosh
HSBC,270000,Resolved,3,02-08-2018,krisjosh
HSBC,270005,Resolved,3,02-09-2018,krisjosh
HSBC,270006,Resolved,3,02-09-2018,krisjosh
HSBC,270007,Working,3,02-08-2018,shrearor
HSBC,270008,Resolved,3,02-09-2018,shrearor
HSBC,270010,Resolved,3,02-09-2018,shrearor
HSBC,270009,Resolved,3,02-08-2018,abvp
HSBC,270016,Resolved,3,02-08-2018,abvp
HSBC,270023,Resolved,3,02-08-2018,abvp
HSBC,270024,Resolved,3,02-08-2018,abvp
HSBC,270038,Resolved,3,02-08-2018,abvp
HSBC,270039,Resolved,3,02-08-2018,abvp
HSBC,270040,Resolved,3,02-08-2018,abvp
HSBC,270042,Resolved,3,02-08-2018,krisjosh
HSBC,270043,Working,3,02-08-2018,krisjosh
HSBC,270044,Open,3,02-08-2018,shrearor
HSBC,270046,Resolved,3,02-09-2018,shrearor
HSBC,270053,Working,3,02-09-2018,serana
HSBC,270052,Working,3,02-09-2018,serana
HSBC,270057,Resolved,3,02-09-2018,serana
HSBC,270064,Open,3,02-09-2018,shrearor
HSBC,270063,Open,3,02-09-2018,shrearor
HSBC,270068,Working,3,02-09-2018,shrearor
HSBC,270069,Resolved,3,02-09-2018,krisjosh
HSBC,270070,Working,3,02-09-2018,krisjosh
HSBC,270072,Resolved,3,02-09-2018,krisjosh
HSBC,270073,Open,3,02-09-2018,krisjosh
HSBC,270075,Resolved,3,02-09-2018,krisjosh
HSBC,270076,Open,3,02-09-2018,UCMAPsync
